ID,lat,lng,alt,distance
1,36.532753,140.226325,153.31,0
2,36.532689,140.226366,153.3,8
3,36.532625,140.226407,153.33,16
4,36.532561,140.226448,153.42,24
5,36.532497,140.226489,153.38,32
6,36.532433,140.22653,153.49,40
7,36.532369,140.226571,153.54,48
8,36.532305,140.226612,153.54,56
9,36.532241,140.226653,153.51,64
10,36.532177,140.226694,153.53,72
11,36.532113,140.226735,153.56,80
12,36.53205,140.226776,153.55,88
13,36.531986,140.226817,153.48,96
14,36.531922,140.226858,153.56,104
15,36.531858,140.226899,153.57,112
16,36.531794,140.22694,153.49,120
17,36.53173,140.226981,153.52,128
18,36.531666,140.227022,153.57,136
19,36.531602,140.227063,153.59,144
20,36.531538,140.227104,153.43,152
21,36.531474,140.227145,153.5,160
22,36.53141,140.227186,153.49,168
23,36.531346,140.227227,153.45,176
24,36.531282,140.227268,153.46,184
25,36.531218,140.227309,153.51,192
26,36.531155,140.22735,153.59,200
27,36.531091,140.22739,153.56,208
28,36.531027,140.227431,153.68,216
29,36.530963,140.227472,153.71,224
30,36.530899,140.227513,153.67,232
31,36.530835,140.227554,153.68,240
32,36.530771,140.227595,153.69,248
33,36.530707,140.227636,153.88,256
34,36.530643,140.227677,153.79,264
35,36.530579,140.227718,153.73,272
36,36.530515,140.227759,153.84,280
37,36.530451,140.2278,153.83,288
38,36.530387,140.227841,153.98,296
39,36.530332,140.227897,153.93,304
40,36.530279,140.227958,153.53,312
41,36.530227,140.228019,153.56,320
42,36.530174,140.228079,153.54,328
43,36.530121,140.22814,153.56,336
44,36.530068,140.228201,153.65,344
45,36.530016,140.228261,153.62,352
46,36.529963,140.228322,153.6,360
47,36.52991,140.228383,153.66,368
48,36.529857,140.228443,153.61,376
49,36.529805,140.228504,153.88,384
50,36.529752,140.228565,153.74,392
51,36.529715,140.228641,153.71,400
52,36.529682,140.22872,153.8,408
53,36.529649,140.228799,153.78,416
54,36.529615,140.228878,153.67,424
55,36.529582,140.228957,153.73,431
56,36.529548,140.229036,153.8,440
57,36.529515,140.229115,153.83,447
58,36.529482,140.229194,153.78,455
59,36.529448,140.229273,153.91,463
60,36.52943,140.229358,154.01,471
61,36.529418,140.229446,153.83,479
62,36.529406,140.229534,153.98,487
63,36.529395,140.229622,154,495
64,36.529383,140.22971,154.1,503
65,36.529372,140.229798,154.13,511
66,36.52936,140.229886,154.23,519
67,36.529349,140.229974,154.27,527
68,36.529353,140.230063,154.21,535
69,36.529361,140.230151,154.31,543
70,36.529368,140.23024,154.26,551
71,36.529376,140.230329,154.33,559
72,36.529383,140.230417,154.42,567
73,36.529391,140.230506,154.47,575
74,36.529399,140.230595,154.41,583
75,36.529415,140.230681,154.4144444,591
76,36.52944,140.230764,154.4688889,599
77,36.529466,140.230848,154.5333333,607
78,36.529491,140.230931,154.5777778,615
79,36.529517,140.231015,154.6622222,623
80,36.529542,140.231098,154.6366667,631
81,36.529567,140.231181,154.7111111,638
82,36.529606,140.231256,154.7455556,646
83,36.529647,140.23133,154.82,654
84,36.529687,140.231404,154.81,662
85,36.529728,140.231477,154.87,670
86,36.529768,140.231551,154.8,678
87,36.529809,140.231624,154.93,686
88,36.52985,140.231698,154.91,694
89,36.529899,140.231762,154.93,702
90,36.529954,140.23182,154.93,710
91,36.530009,140.231878,155.02,718
92,36.530063,140.231936,154.95,726
93,36.53012,140.231991,155.18,734
94,36.530181,140.232038,155.16,742
95,36.530242,140.232085,155.14,750
96,36.530303,140.232132,155.2,758
97,36.530364,140.23218,155.23,766
98,36.530425,140.232227,155.3,774
99,36.530487,140.232272,155.33,782
100,36.530555,140.232299,155.35,790
101,36.530624,140.232326,155.3,798
102,36.530693,140.232353,155.27,806
103,36.530761,140.23238,155.33,814
104,36.53083,140.232407,155.29,822
105,36.530898,140.232434,155.4,830
106,36.530967,140.232461,155.52,838
107,36.531039,140.232466,155.5,846
108,36.531111,140.232468,155.53,854
109,36.531183,140.232469,155.64,862
110,36.531254,140.232471,155.52,870
111,36.531326,140.232473,155.61,878
112,36.531398,140.232474,155.68,886
113,36.53147,140.232461,155.74,894
114,36.531541,140.232448,155.74,902
115,36.531612,140.232435,155.81,910
116,36.531683,140.232422,155.85,918
117,36.531754,140.23241,155.86,926
118,36.531826,140.232397,155.94,934
119,36.531893,140.232368,156.07,942
120,36.53196,140.232335,156.06,950
121,36.532027,140.232302,156.1,958
122,36.532094,140.23227,156.11,966
123,36.532161,140.232237,156.06,974
124,36.532225,140.232196,156.11,982
125,36.532286,140.232149,156.09,990
126,36.532346,140.232101,156.11,998
127,36.532407,140.232053,156.16,1006
128,36.532468,140.232005,156.27,1014
129,36.532526,140.231952,156.25,1022
130,36.532581,140.231895,156.24,1030
131,36.532636,140.231838,156.18,1038
132,36.532692,140.231781,156.19,1046
133,36.532747,140.231724,156.35,1054
134,36.532802,140.231667,156.16,1062
135,36.532858,140.23161,156.23,1070
136,36.532913,140.231553,156.22,1078
137,36.532969,140.231496,156.2,1086
138,36.533024,140.231439,156.32,1094
139,36.53308,140.231383,156.35,1102
140,36.533136,140.231328,156.32,1110
141,36.533192,140.231272,156.33,1118
142,36.533248,140.231216,156.26,1126
143,36.533304,140.23116,156.3,1134
144,36.533361,140.231104,156.27,1142
145,36.533417,140.231048,156.24,1150
146,36.533473,140.230993,156.22,1158
147,36.533529,140.230937,156.28,1166
148,36.533585,140.230881,156.26,1174
149,36.533641,140.230825,156.29,1182
150,36.533697,140.230769,156.2,1190
151,36.533754,140.230713,156.18,1198
152,36.53381,140.230658,156.24,1206
153,36.533866,140.230602,156.3,1214
154,36.533922,140.230546,156.29,1222
155,36.533978,140.23049,156.29,1230
156,36.534034,140.230434,156.2,1238
157,36.53409,140.230379,156.2,1246
158,36.534146,140.230323,156.19,1254
159,36.534203,140.230267,156.23,1262
160,36.534259,140.230211,156.19,1270
161,36.534315,140.230155,156.07,1278
162,36.534371,140.230099,156.25,1286
163,36.534427,140.230044,156.1,1294
164,36.534483,140.229988,156.15,1302
165,36.534539,140.229932,156.22,1310
166,36.534595,140.229876,156.11,1318
167,36.534652,140.22982,156.19,1326
168,36.534708,140.229764,156.1,1334
169,36.534764,140.229709,156.12,1342
170,36.53482,140.229653,156.1,1350
171,36.534876,140.229597,156.14,1358
172,36.534932,140.229541,156.25,1366
173,36.534988,140.229485,156.25,1374
174,36.535044,140.22943,156.16,1381
175,36.535101,140.229374,156.18,1390
176,36.535157,140.229318,156.1,1398
177,36.535213,140.229262,156.11,1406
178,36.535269,140.229206,156.23,1414
179,36.535325,140.22915,156.22,1421
180,36.535381,140.229095,156.24,1429
181,36.535437,140.229039,156.25,1437
182,36.535493,140.228983,156.19,1445
183,36.53555,140.228927,156.24,1453
184,36.535606,140.228871,156.26,1461
185,36.535662,140.228815,156.27,1469
186,36.535718,140.22876,156.18,1477
187,36.535774,140.228704,156.14,1485
188,36.53583,140.228648,156.23,1493
189,36.535886,140.228592,156.27,1501
190,36.535942,140.228536,156.2447368,1509
191,36.535999,140.22848,156.2494737,1517
192,36.536055,140.228425,156.2742105,1525
193,36.536111,140.228368,156.2089474,1533
194,36.536166,140.228312,156.2336842,1541
195,36.536222,140.228255,156.1284211,1549
196,36.536277,140.228198,156.1931579,1557
197,36.536332,140.228141,156.1378947,1565
198,36.536388,140.228084,156.1426316,1573
199,36.536443,140.228027,156.1673684,1581
200,36.536499,140.22797,156.0521053,1589
201,36.536554,140.227914,156.0568421,1597
202,36.53661,140.227857,156.0915789,1605
203,36.536665,140.2278,156.0263158,1613
204,36.536721,140.227743,156.0510526,1621
205,36.536776,140.227686,156.0557895,1629
206,36.536831,140.227629,156.0405263,1637
207,36.536887,140.227572,156.0052632,1645
208,36.536942,140.227515,155.95,1653
209,36.536985,140.227444,155.98,1661
210,36.537025,140.22737,155.86,1669
211,36.537066,140.227297,155.79,1677
212,36.537106,140.227223,155.79,1685
213,36.537147,140.227149,155.66,1693
214,36.53718,140.227071,155.71,1701
215,36.537198,140.226985,155.79,1709
216,36.537216,140.226899,155.66,1717
217,36.537234,140.226813,155.68,1725
218,36.537253,140.226726,155.59,1733
219,36.537271,140.22664,155.65,1741
220,36.537277,140.226552,155.52,1749
221,36.537275,140.226463,155.35,1757
222,36.537274,140.226373,155.34,1765
223,36.537273,140.226284,155.3,1773
224,36.537271,140.226195,155.3,1781
225,36.53727,140.226106,155.31,1788
226,36.537257,140.226019,155.12,1796
227,36.537234,140.225935,155.15,1804
228,36.537211,140.22585,155.05,1812
229,36.537187,140.225766,154.93,1820
230,36.537164,140.225682,154.9,1828
231,36.537139,140.225599,154.95,1836
232,36.537097,140.225526,154.95,1844
233,36.537055,140.225453,154.81,1852
234,36.537013,140.225381,154.66,1860
235,36.536972,140.225308,154.6,1868
236,36.536928,140.225237,154.65,1876
237,36.536883,140.225167,154.62,1884
238,36.536838,140.225098,154.58,1892
239,36.536784,140.225041,154.52,1900
240,36.536724,140.22499,154.36,1908
241,36.536665,140.22494,154.36,1916
242,36.536606,140.22489,154.34,1924
243,36.536542,140.224847,154.33,1932
244,36.536479,140.224805,154.28,1940
245,36.536415,140.224764,154.1,1948
246,36.536346,140.224738,154.1,1956
247,36.536277,140.224713,154.13,1964
248,36.536208,140.224687,154,1972
249,36.536139,140.224663,154.01,1980
250,36.536068,140.224652,153.93,1988
251,36.535996,140.224642,153.99,1996
252,36.535925,140.224631,153.88,2004
253,36.535853,140.224623,153.89,2012
254,36.535782,140.224637,153.86,2020
255,36.535711,140.224651,153.65,2028
256,36.53564,140.224666,153.61,2036
257,36.535569,140.22468,153.68,2044
258,36.5355,140.224702,153.58,2052
259,36.535431,140.224728,153.68,2060
260,36.535362,140.224754,153.45,2068
261,36.535293,140.224781,153.51,2076
262,36.535225,140.224807,153.66,2084
263,36.535156,140.224834,153.59,2092
264,36.535087,140.22486,153.54,2100
265,36.535018,140.224887,153.8,2108
266,36.53495,140.224913,153.75,2116
267,36.534881,140.22494,153.88,2124
268,36.534816,140.224979,153.8,2132
269,36.534752,140.225018,153.78,2140
270,36.534687,140.225057,153.67,2148
271,36.534622,140.225096,153.69,2156
272,36.534557,140.225135,153.61,2164
273,36.534494,140.225177,153.68,2172
274,36.53443,140.225218,153.65,2180
275,36.534366,140.22526,153.49,2188
276,36.534303,140.225301,153.57,2196
277,36.534239,140.225343,153.47,2204
278,36.534175,140.225384,153.51,2212
279,36.534112,140.225426,153.47,2220
280,36.534048,140.225468,153.48,2228
281,36.533984,140.225509,153.52,2236
282,36.533921,140.225551,153.44,2244
283,36.533857,140.225592,153.54,2252
284,36.533793,140.225634,153.48,2260
285,36.53373,140.225675,153.54,2268
286,36.533666,140.225717,153.55,2276
287,36.533602,140.225759,153.52,2284
288,36.533539,140.2258,153.51,2292
289,36.533475,140.225842,153.58,2300
290,36.533411,140.225883,153.58,2308
291,36.533348,140.225925,153.62,2316
292,36.533284,140.225966,153.56,2324
293,36.53322,140.226008,153.5,2332
294,36.533157,140.22605,153.48,2340
295,36.533093,140.226091,153.47,2348
296,36.533029,140.226133,153.51,2356
297,36.532966,140.226174,153.46,2364
298,36.532902,140.226216,153.52,2372
299,36.532838,140.226257,153.4,2380
300,36.532817,140.226284,153.3,2383
